candidate_id,artist_id,canonical_name,observation_type,observed_entity_name,event_name,event_date,relationship_type,source_url,source_name,raw_text_excerpt,suggested_confidence_score,accepted,needs_human_review_reason,why_matched,review_notes
candidate_ef8d3711e8dc,artist_wolfgang_tillmans,Wolfgang Tillmans,artist_profile,Wolfgang Tillmans,,,identity_match,http://www.wikidata.org/entity/Q704012,Wikidata,Wolfgang Tillmans — German photographer (born 1968),0.80,no,Structured source appears to describe a visual artist; verify identity before accepting.,name matched a visual-artist description; exact name match to 'Wolfgang Tillmans'; Wikidata description: Wolfgang Tillmans — German photographer (born 1968),
candidate_488b67ff2ea8,artist_wolfgang_tillmans,Wolfgang Tillmans,museum_exhibition,Wolfgang Tillmans: 2017,Wolfgang Tillmans: 2017,,exhibited_at,http://www.wikidata.org/entity/Q84569158,Wikidata,Wolfgang Tillmans: 2017 — Art exhibition at Tate Modern,0.45,no,Wikidata result looks like an exhibition; confirm the artist participated and identify the host institution.,exhibition-like Wikidata result; partial name match to 'Wolfgang Tillmans'; Wikidata description: Wolfgang Tillmans: 2017 — Art exhibition at Tate Modern,
candidate_025a6ff5eece,artist_wolfgang_tillmans,Wolfgang Tillmans,museum_exhibition,Wolfgang Tillmans: 'Book for Architects',Wolfgang Tillmans: 'Book for Architects',,exhibited_at,http://www.wikidata.org/entity/Q115054967,Wikidata,Wolfgang Tillmans: 'Book for Architects' — 2015 Exhibition at Metropolitan Museum,0.45,no,Wikidata result looks like an exhibition; confirm the artist participated and identify the host institution.,exhibition-like Wikidata result; partial name match to 'Wolfgang Tillmans'; Wikidata description: Wolfgang Tillmans: 'Book for Architects' — 2015 Exhibition at Metropolitan Museum,
candidate_7d3510e8a3f9,artist_susanne_clausen,Susanne Clausen,rejected_match,Susanne Clausen,,,not_applicable,http://www.wikidata.org/entity/Q70276781,Wikidata,"Susanne Clausen — German artist, curator and Professor of Fine Art",0.10,no,"Potential false match: result appears to be a non-artist, artwork, institution, exhibition, or unrelated entity.","Wikidata search returned a lexical match, but type evidence is weak; exact name match to 'Susanne Clausen'; Wikidata description: Susanne Clausen — German artist, curator and Professor of Fine Art",
candidate_bf16ea459ade,artist_susanne_clausen,Susanne Clausen,rejected_match,Susanne Clausen,,,not_applicable,http://www.wikidata.org/entity/Q95650853,Wikidata,Susanne Clausen,0.25,no,Result does not clearly describe the queried artist as a visual artist.,"Wikidata search returned a lexical match, but type evidence is weak; exact name match to 'Susanne Clausen'; Wikidata description: Susanne Clausen",
candidate_cf6750a5e19d,artist_jade_fadojutimi,Jade Fadojutimi,artist_profile,Jadé Fadojutimi,,,identity_match,http://www.wikidata.org/entity/Q57628796,Wikidata,Jadé Fadojutimi — British visual artist (born 1993),0.80,no,Structured source appears to describe a visual artist; verify identity before accepting.,name matched a visual-artist description; exact name match to 'Jade Fadojutimi'; Wikidata description: Jadé Fadojutimi — British visual artist (born 1993),
candidate_1df7d77a5d34,artist_tunji_adeniyi_jones,Tunji Adeniyi-Jones,artist_profile,Tunji Adeniyi-Jones,,,identity_match,http://www.wikidata.org/entity/Q110467057,Wikidata,Tunji Adeniyi-Jones — artist (born 1992),0.45,no,The source says artist but not clearly visual artist or painter; confirm this is the correct art-market artist.,name matched a generic artist description; exact name match to 'Tunji Adeniyi-Jones'; Wikidata description: Tunji Adeniyi-Jones — artist (born 1992),
candidate_5189c09f8e10,artist_issy_wood,Issy Wood,artist_profile,Issy Wood,,,identity_match,http://www.wikidata.org/entity/Q109282298,Wikidata,Issy Wood — American artist (born 1993),0.45,no,The source says artist but not clearly visual artist or painter; confirm this is the correct art-market artist.,name matched a generic artist description; exact name match to 'Issy Wood'; Wikidata description: Issy Wood — American artist (born 1993),
candidate_661af729e6d2,artist_flora_yukhnovich,Flora Yukhnovich,rejected_match,Flora Yukhnovich,,,not_applicable,http://www.wikidata.org/entity/Q112529874,Wikidata,Flora Yukhnovich,0.25,no,Result does not clearly describe the queried artist as a visual artist.,"Wikidata search returned a lexical match, but type evidence is weak; exact name match to 'Flora Yukhnovich'; Wikidata description: Flora Yukhnovich",
candidate_3453345aaab6,artist_flora_yukhnovich,Flora Yukhnovich,artist_profile,Flora Yukhnovich,,,identity_match,http://www.wikidata.org/entity/Q109286598,Wikidata,Flora Yukhnovich — British painter,0.80,no,Structured source appears to describe a visual artist; verify identity before accepting.,name matched a visual-artist description; exact name match to 'Flora Yukhnovich'; Wikidata description: Flora Yukhnovich — British painter,
candidate_b967bd94b655,artist_flora_yukhnovich,Flora Yukhnovich,rejected_match,Flora Yukhnovich,,,not_applicable,http://www.wikidata.org/entity/Q98763943,Wikidata,Flora Yukhnovich,0.25,no,Result does not clearly describe the queried artist as a visual artist.,"Wikidata search returned a lexical match, but type evidence is weak; exact name match to 'Flora Yukhnovich'; Wikidata description: Flora Yukhnovich",
candidate_5b5d68c48104,artist_louise_giovanelli,Louise Giovanelli,artist_profile,Louise Giovanelli,,,identity_match,http://www.wikidata.org/entity/Q106691715,Wikidata,Louise Giovanelli — British painter (born 1993),0.80,no,Structured source appears to describe a visual artist; verify identity before accepting.,name matched a visual-artist description; exact name match to 'Louise Giovanelli'; Wikidata description: Louise Giovanelli — British painter (born 1993),
candidate_b509b48cd9a5,artist_jenna_gribbon,Jenna Gribbon,artist_profile,Jenna Gribbon,,,identity_match,http://www.wikidata.org/entity/Q108171450,Wikidata,"Jenna Gribbon — American artist, painter, (b. 1978)",0.80,no,Structured source appears to describe a visual artist; verify identity before accepting.,"name matched a visual-artist description; exact name match to 'Jenna Gribbon'; Wikidata description: Jenna Gribbon — American artist, painter, (b. 1978)",
candidate_9a1402ed015c,artist_salman_toor,Salman Toor,rejected_match,Salman Toor,,,not_applicable,http://www.wikidata.org/entity/Q130947483,Wikidata,Salman Toor — researcher (ORCID 0000-0003-0302-6276),0.10,no,"Potential false match: result appears to be a non-artist, artwork, institution, exhibition, or unrelated entity.","Wikidata search returned a lexical match, but type evidence is weak; exact name match to 'Salman Toor'; Wikidata description: Salman Toor — researcher (ORCID 0000-0003-0302-6276)",
candidate_a9e79642401a,artist_salman_toor,Salman Toor,rejected_match,Salman M Toor,,,not_applicable,http://www.wikidata.org/entity/Q47163710,Wikidata,Salman M Toor — researcher,0.10,no,"Potential false match: result appears to be a non-artist, artwork, institution, exhibition, or unrelated entity.","Wikidata search returned a lexical match, but type evidence is weak; lexical name match to 'Salman Toor'; Wikidata description: Salman M Toor — researcher",
candidate_a97488e226b9,artist_salman_toor,Salman Toor,artist_profile,Salman Toor,,,identity_match,http://www.wikidata.org/entity/Q108602003,Wikidata,"Salman Toor — Pakistani American artist, writer (b. 1983)",0.45,no,The source says artist but not clearly visual artist or painter; confirm this is the correct art-market artist.,"name matched a generic artist description; exact name match to 'Salman Toor'; Wikidata description: Salman Toor — Pakistani American artist, writer (b. 1983)",
candidate_f87ba94e5f05,artist_amoako_boafo,Amoako Boafo,artist_profile,Amoako Boafo,,,identity_match,http://www.wikidata.org/entity/Q80220002,Wikidata,Amoako Boafo — Ghanaian painter and visual artist (born 1984),0.80,no,Structured source appears to describe a visual artist; verify identity before accepting.,name matched a visual-artist description; exact name match to 'Amoako Boafo'; Wikidata description: Amoako Boafo — Ghanaian painter and visual artist (born 1984),
candidate_c42fa5ffef74,artist_amoako_boafo,Amoako Boafo,museum_exhibition,Amoako Boafo: Soul of Black Folks,Amoako Boafo: Soul of Black Folks,,exhibited_at,http://www.wikidata.org/entity/Q108330772,Wikidata,Amoako Boafo: Soul of Black Folks — 2021 exhibition at the Museum of the African Diaspora,0.45,no,Wikidata result looks like an exhibition; confirm the artist participated and identify the host institution.,exhibition-like Wikidata result; partial name match to 'Amoako Boafo'; Wikidata description: Amoako Boafo: Soul of Black Folks — 2021 exhibition at the Museum of the African Diaspora,
candidate_69bbbfe3d402,artist_amoako_boafo,Amoako Boafo,rejected_match,"Amoako Boafo , Summer Ex",,,not_applicable,http://www.wikidata.org/entity/Q130209972,Wikidata,"Amoako Boafo , Summer Ex — Artwork by Amoa",0.10,no,"Potential false match: result appears to be a non-artist, artwork, institution, exhibition, or unrelated entity.","Wikidata search returned a lexical match, but type evidence is weak; partial name match to 'Amoako Boafo'; Wikidata description: Amoako Boafo , Summer Ex — Artwork by Amoa",
candidate_21814f23984d,artist_wolfgang_tillmans,Wolfgang Tillmans,gallery_exhibition,Maureen Paley,Maureen Paley – Artists,,gallery_exhibition,https://www.maureenpaley.com/artists,Maureen Paley,y Pilgrim Olivia Plender Stephen Prina Michael Queenland Maaike Schoorel Hannah Starkey Mary Stephenson Dirk Stewen Studio K.O.S. Wolfgang Tillmans Oscar Tuazon Banks Violette Rebecca Warren Esther Pearl Watson Gillian Wearing James Welling Jane and Louise Wilson info@maureenp,0.85,no,"Source page appears to describe an exhibition or gallery relationship; verify host, dates, and whether this is representation or only a venue.",Curated gallery page mentioned 'Wolfgang Tillmans'.,
candidate_64904b4d358b,artist_wolfgang_tillmans,Wolfgang Tillmans,gallery_exhibition,Maureen Paley,Maureen Paley – Wolfgang Tillmans,,gallery_exhibition,https://www.maureenpaley.com/artists/wolfgang-tillmans,Maureen Paley,Wolfgang Tillmans Maureen Paley – Wolfgang Tillmans Maureen Paley – Wolfgang Tillmans Maureen Paley. Artists Exhibitions Publications News About Co,0.85,no,"Source page appears to describe an exhibition or gallery relationship; verify host, dates, and whether this is representation or only a venue.",Curated gallery page mentioned 'Wolfgang Tillmans'.,
candidate_9cbccde5d8a4,artist_wolfgang_tillmans,Wolfgang Tillmans,gallery_representation,Artists | Voloshyn Gallery,Artists | Voloshyn Gallery,1970,represents,https://voloshyngallery.art/artists/,Voloshyn Gallery,Artists | Voloshyn Gallery Artists | Voloshyn Gallery try { function checkStatisticsCookiePreference() { // Get the cookie_preferences item from localStorage const cookiePreferences = localStorage.getItem('cookie_preferences'); // Check if the item exists if (,0.85,no,"Source page appears to describe an exhibition or gallery relationship; verify host, dates, and whether this is representation or only a venue.",Curated gallery page mentioned 'Wolfgang Tillmans'.,
candidate_c3c342cb965b,artist_wolfgang_tillmans,Wolfgang Tillmans,gallery_exhibition,Voloshyn Gallery,Current exhibitions | Voloshyn Gallery,2026-07-15,gallery_exhibition,https://voloshyngallery.art/exhibitions/,Voloshyn Gallery,Current exhibitions | Voloshyn Gallery Current exhibitions | Voloshyn Gallery try { function checkStatisticsCookiePreference() { // Get the cookie_preferences item from localStorage const cookiePreferences = localStorage.getItem('cookie_preferences'); // Check,0.85,no,"Source page appears to describe an exhibition or gallery relationship; verify host, dates, and whether this is representation or only a venue.",Curated gallery page mentioned 'Wolfgang Tillmans'.,
candidate_c2216f33598a,artist_wolfgang_tillmans,Wolfgang Tillmans,gallery_exhibition,Lismore Castle Arts,Exhibitions - Lismore Castle Arts,2026-10-25,gallery_exhibition,https://lismorecastlearts.ie/whats-on/,Lismore Castle Arts,"Exhibitions - Lismore Castle Arts window.dataLayer = window.dataLayer || []; function gtag(){dataLayer.push(arguments);} gtag('js', new Date()); gtag('config', 'G-BTKW60Q3XS'); Exhibitions - Lismore Castle Arts Monday to Sunday 11am to 6pm (last entry 5pm) Acc",0.85,no,"Source page appears to describe an exhibition or gallery relationship; verify host, dates, and whether this is representation or only a venue.",Curated gallery page mentioned 'Wolfgang Tillmans'.,
candidate_37363da07c85,artist_susanne_clausen,Susanne Clausen,gallery_exhibition,Maureen Paley,Maureen Paley – Artists,,gallery_exhibition,https://www.maureenpaley.com/artists,Maureen Paley,Maureen Paley – Artists Maureen Paley – Artists Maureen Paley. Artists Exhibitions Publications News About Contact Search Search Lawrence Abu Hamdan Felipe Baeza Alexandra Bircken AA Bronson Tom Burr Hannah Collins Fiona Connor Daniel Correa Mejía Kaye Donachi,0.85,no,"Source page appears to describe an exhibition or gallery relationship; verify host, dates, and whether this is representation or only a venue.",Curated gallery page mentioned 'Susanne Clausen'.,
candidate_75ce3ccbda76,artist_susanne_clausen,Susanne Clausen,gallery_representation,Artists | Voloshyn Gallery,Artists | Voloshyn Gallery,1970,represents,https://voloshyngallery.art/artists/,Voloshyn Gallery,vgenia Belorusets Yuriy Bolsa Davyd Burliuk Krasimira Butseva Christopher Carter Manuel Chavajay Alberto Checa Dasha Chechushkova Susanne Clausen David Correa Aneta Grzeszykowska Veronika Hapchenko Nina Hartmann Oleh Holosiy Kostiantyn-Vadym Ihnatov Loni Johnson Maksym Khoda,0.85,no,"Source page appears to describe an exhibition or gallery relationship; verify host, dates, and whether this is representation or only a venue.",Curated gallery page mentioned 'Susanne Clausen'.,
candidate_e8d19a307f27,artist_susanne_clausen,Susanne Clausen,gallery_exhibition,Voloshyn Gallery,Susanne Clausen | Voloshyn Gallery,2025-10-25,gallery_exhibition,https://voloshyngallery.art/artists/78-susanne-clausen/,Voloshyn Gallery,Susanne Clausen Susanne Clausen | Voloshyn Gallery Susanne Clausen | Voloshyn Gallery try { function checkStatisticsCookiePreference() { // Get t,0.85,no,"Source page appears to describe an exhibition or gallery relationship; verify host, dates, and whether this is representation or only a venue.",Curated gallery page mentioned 'Susanne Clausen'.,
candidate_5cab5c96f51e,artist_susanne_clausen,Susanne Clausen,gallery_exhibition,Voloshyn Gallery,Current exhibitions | Voloshyn Gallery,2026-07-15,gallery_exhibition,https://voloshyngallery.art/exhibitions/,Voloshyn Gallery,Current exhibitions | Voloshyn Gallery Current exhibitions | Voloshyn Gallery try { function checkStatisticsCookiePreference() { // Get the cookie_preferences item from localStorage const cookiePreferences = localStorage.getItem('cookie_preferences'); // Check,0.85,no,"Source page appears to describe an exhibition or gallery relationship; verify host, dates, and whether this is representation or only a venue.",Curated gallery page mentioned 'Susanne Clausen'.,
candidate_ee26d72a45ab,artist_susanne_clausen,Susanne Clausen,gallery_exhibition,Lismore Castle Arts,Exhibitions - Lismore Castle Arts,2026-10-25,gallery_exhibition,https://lismorecastlearts.ie/whats-on/,Lismore Castle Arts,"Exhibitions - Lismore Castle Arts window.dataLayer = window.dataLayer || []; function gtag(){dataLayer.push(arguments);} gtag('js', new Date()); gtag('config', 'G-BTKW60Q3XS'); Exhibitions - Lismore Castle Arts Monday to Sunday 11am to 6pm (last entry 5pm) Acc",0.85,no,"Source page appears to describe an exhibition or gallery relationship; verify host, dates, and whether this is representation or only a venue.",Curated gallery page mentioned 'Susanne Clausen'.,
candidate_69f0fa9578a1,artist_jade_fadojutimi,Jade Fadojutimi,gallery_exhibition,Maureen Paley,Maureen Paley – Artists,,gallery_exhibition,https://www.maureenpaley.com/artists,Maureen Paley,Maureen Paley – Artists Maureen Paley – Artists Maureen Paley. Artists Exhibitions Publications News About Contact Search Search Lawrence Abu Hamdan Felipe Baeza Alexandra Bircken AA Bronson Tom Burr Hannah Collins Fiona Connor Daniel Correa Mejía Kaye Donachi,0.85,no,"Source page appears to describe an exhibition or gallery relationship; verify host, dates, and whether this is representation or only a venue.",Curated gallery page mentioned 'Jade Fadojutimi'.,
candidate_ed4ff9711269,artist_jade_fadojutimi,Jade Fadojutimi,gallery_representation,Artists | Voloshyn Gallery,Artists | Voloshyn Gallery,1970,represents,https://voloshyngallery.art/artists/,Voloshyn Gallery,Artists | Voloshyn Gallery Artists | Voloshyn Gallery try { function checkStatisticsCookiePreference() { // Get the cookie_preferences item from localStorage const cookiePreferences = localStorage.getItem('cookie_preferences'); // Check if the item exists if (,0.85,no,"Source page appears to describe an exhibition or gallery relationship; verify host, dates, and whether this is representation or only a venue.",Curated gallery page mentioned 'Jade Fadojutimi'.,
candidate_d7416c6de589,artist_jade_fadojutimi,Jade Fadojutimi,gallery_exhibition,Voloshyn Gallery,Current exhibitions | Voloshyn Gallery,2026-07-15,gallery_exhibition,https://voloshyngallery.art/exhibitions/,Voloshyn Gallery,Current exhibitions | Voloshyn Gallery Current exhibitions | Voloshyn Gallery try { function checkStatisticsCookiePreference() { // Get the cookie_preferences item from localStorage const cookiePreferences = localStorage.getItem('cookie_preferences'); // Check,0.85,no,"Source page appears to describe an exhibition or gallery relationship; verify host, dates, and whether this is representation or only a venue.",Curated gallery page mentioned 'Jade Fadojutimi'.,
candidate_32413b84a8bc,artist_jade_fadojutimi,Jade Fadojutimi,gallery_exhibition,Lismore Castle Arts,Exhibitions - Lismore Castle Arts,2026-10-25,gallery_exhibition,https://lismorecastlearts.ie/whats-on/,Lismore Castle Arts,"Exhibitions - Lismore Castle Arts window.dataLayer = window.dataLayer || []; function gtag(){dataLayer.push(arguments);} gtag('js', new Date()); gtag('config', 'G-BTKW60Q3XS'); Exhibitions - Lismore Castle Arts Monday to Sunday 11am to 6pm (last entry 5pm) Acc",0.85,no,"Source page appears to describe an exhibition or gallery relationship; verify host, dates, and whether this is representation or only a venue.",Curated gallery page mentioned 'Jade Fadojutimi'.,
candidate_401750665329,artist_tunji_adeniyi_jones,Tunji Adeniyi-Jones,gallery_exhibition,Maureen Paley,Maureen Paley – Artists,,gallery_exhibition,https://www.maureenpaley.com/artists,Maureen Paley,Maureen Paley – Artists Maureen Paley – Artists Maureen Paley. Artists Exhibitions Publications News About Contact Search Search Lawrence Abu Hamdan Felipe Baeza Alexandra Bircken AA Bronson Tom Burr Hannah Collins Fiona Connor Daniel Correa Mejía Kaye Donachi,0.85,no,"Source page appears to describe an exhibition or gallery relationship; verify host, dates, and whether this is representation or only a venue.",Curated gallery page mentioned 'Tunji Adeniyi-Jones'.,
candidate_56c3e288ef7b,artist_tunji_adeniyi_jones,Tunji Adeniyi-Jones,gallery_exhibition,Maureen Paley,Maureen Paley – Sarah Jones,,gallery_exhibition,https://www.maureenpaley.com/artists/sarah-jones,Maureen Paley,Sarah Jones Maureen Paley – Sarah Jones Maureen Paley – Sarah Jones Maureen Paley. Artists Exhibitions Publications News About Contact Search Search info@maureenpaley.com +44 (0)20 7729 4112,0.85,no,"Source page appears to describe an exhibition or gallery relationship; verify host, dates, and whether this is representation or only a venue.",Curated gallery page mentioned 'Tunji Adeniyi-Jones'.,
candidate_f40d0458cd44,artist_tunji_adeniyi_jones,Tunji Adeniyi-Jones,gallery_representation,Artists | Voloshyn Gallery,Artists | Voloshyn Gallery,1970,represents,https://voloshyngallery.art/artists/,Voloshyn Gallery,Artists | Voloshyn Gallery Artists | Voloshyn Gallery try { function checkStatisticsCookiePreference() { // Get the cookie_preferences item from localStorage const cookiePreferences = localStorage.getItem('cookie_preferences'); // Check if the item exists if (,0.85,no,"Source page appears to describe an exhibition or gallery relationship; verify host, dates, and whether this is representation or only a venue.",Curated gallery page mentioned 'Tunji Adeniyi-Jones'.,
candidate_bc16d6f002f9,artist_tunji_adeniyi_jones,Tunji Adeniyi-Jones,gallery_exhibition,Voloshyn Gallery,Current exhibitions | Voloshyn Gallery,2026-07-15,gallery_exhibition,https://voloshyngallery.art/exhibitions/,Voloshyn Gallery,Current exhibitions | Voloshyn Gallery Current exhibitions | Voloshyn Gallery try { function checkStatisticsCookiePreference() { // Get the cookie_preferences item from localStorage const cookiePreferences = localStorage.getItem('cookie_preferences'); // Check,0.85,no,"Source page appears to describe an exhibition or gallery relationship; verify host, dates, and whether this is representation or only a venue.",Curated gallery page mentioned 'Tunji Adeniyi-Jones'.,
candidate_b87ada1c8c21,artist_tunji_adeniyi_jones,Tunji Adeniyi-Jones,gallery_exhibition,Lismore Castle Arts,Exhibitions - Lismore Castle Arts,2026-10-25,gallery_exhibition,https://lismorecastlearts.ie/whats-on/,Lismore Castle Arts,"Exhibitions - Lismore Castle Arts window.dataLayer = window.dataLayer || []; function gtag(){dataLayer.push(arguments);} gtag('js', new Date()); gtag('config', 'G-BTKW60Q3XS'); Exhibitions - Lismore Castle Arts Monday to Sunday 11am to 6pm (last entry 5pm) Acc",0.85,no,"Source page appears to describe an exhibition or gallery relationship; verify host, dates, and whether this is representation or only a venue.",Curated gallery page mentioned 'Tunji Adeniyi-Jones'.,
candidate_99ff888c3929,artist_issy_wood,Issy Wood,gallery_exhibition,Maureen Paley,Maureen Paley – Artists,,gallery_exhibition,https://www.maureenpaley.com/artists,Maureen Paley,Maureen Paley – Artists Maureen Paley – Artists Maureen Paley. Artists Exhibitions Publications News About Contact Search Search Lawrence Abu Hamdan Felipe Baeza Alexandra Bircken AA Bronson Tom Burr Hannah Collins Fiona Connor Daniel Correa Mejía Kaye Donachi,0.85,no,"Source page appears to describe an exhibition or gallery relationship; verify host, dates, and whether this is representation or only a venue.",Curated gallery page mentioned 'Issy Wood'.,
candidate_49829989c384,artist_issy_wood,Issy Wood,gallery_representation,Artists | Voloshyn Gallery,Artists | Voloshyn Gallery,1970,represents,https://voloshyngallery.art/artists/,Voloshyn Gallery,Artists | Voloshyn Gallery Artists | Voloshyn Gallery try { function checkStatisticsCookiePreference() { // Get the cookie_preferences item from localStorage const cookiePreferences = localStorage.getItem('cookie_preferences'); // Check if the item exists if (,0.85,no,"Source page appears to describe an exhibition or gallery relationship; verify host, dates, and whether this is representation or only a venue.",Curated gallery page mentioned 'Issy Wood'.,
candidate_73ca0e0cf2a1,artist_issy_wood,Issy Wood,gallery_exhibition,Voloshyn Gallery,Current exhibitions | Voloshyn Gallery,2026-07-15,gallery_exhibition,https://voloshyngallery.art/exhibitions/,Voloshyn Gallery,Current exhibitions | Voloshyn Gallery Current exhibitions | Voloshyn Gallery try { function checkStatisticsCookiePreference() { // Get the cookie_preferences item from localStorage const cookiePreferences = localStorage.getItem('cookie_preferences'); // Check,0.85,no,"Source page appears to describe an exhibition or gallery relationship; verify host, dates, and whether this is representation or only a venue.",Curated gallery page mentioned 'Issy Wood'.,
candidate_1c94113471fd,artist_issy_wood,Issy Wood,gallery_exhibition,Lismore Castle Arts,Exhibitions - Lismore Castle Arts,2026-10-25,gallery_exhibition,https://lismorecastlearts.ie/whats-on/,Lismore Castle Arts,"Exhibitions - Lismore Castle Arts window.dataLayer = window.dataLayer || []; function gtag(){dataLayer.push(arguments);} gtag('js', new Date()); gtag('config', 'G-BTKW60Q3XS'); Exhibitions - Lismore Castle Arts Monday to Sunday 11am to 6pm (last entry 5pm) Acc",0.85,no,"Source page appears to describe an exhibition or gallery relationship; verify host, dates, and whether this is representation or only a venue.",Curated gallery page mentioned 'Issy Wood'.,
candidate_4fb653cf266f,artist_flora_yukhnovich,Flora Yukhnovich,gallery_exhibition,Maureen Paley,Maureen Paley – Artists,,gallery_exhibition,https://www.maureenpaley.com/artists,Maureen Paley,Maureen Paley – Artists Maureen Paley – Artists Maureen Paley. Artists Exhibitions Publications News About Contact Search Search Lawrence Abu Hamdan Felipe Baeza Alexandra Bircken AA Bronson Tom Burr Hannah Collins Fiona Connor Daniel Correa Mejía Kaye Donachi,0.85,no,"Source page appears to describe an exhibition or gallery relationship; verify host, dates, and whether this is representation or only a venue.",Curated gallery page mentioned 'Flora Yukhnovich'.,
candidate_1c03d20ed077,artist_flora_yukhnovich,Flora Yukhnovich,gallery_representation,Artists | Voloshyn Gallery,Artists | Voloshyn Gallery,1970,represents,https://voloshyngallery.art/artists/,Voloshyn Gallery,Artists | Voloshyn Gallery Artists | Voloshyn Gallery try { function checkStatisticsCookiePreference() { // Get the cookie_preferences item from localStorage const cookiePreferences = localStorage.getItem('cookie_preferences'); // Check if the item exists if (,0.85,no,"Source page appears to describe an exhibition or gallery relationship; verify host, dates, and whether this is representation or only a venue.",Curated gallery page mentioned 'Flora Yukhnovich'.,
candidate_305647e4bb16,artist_flora_yukhnovich,Flora Yukhnovich,gallery_exhibition,Voloshyn Gallery,Current exhibitions | Voloshyn Gallery,2026-07-15,gallery_exhibition,https://voloshyngallery.art/exhibitions/,Voloshyn Gallery,Current exhibitions | Voloshyn Gallery Current exhibitions | Voloshyn Gallery try { function checkStatisticsCookiePreference() { // Get the cookie_preferences item from localStorage const cookiePreferences = localStorage.getItem('cookie_preferences'); // Check,0.85,no,"Source page appears to describe an exhibition or gallery relationship; verify host, dates, and whether this is representation or only a venue.",Curated gallery page mentioned 'Flora Yukhnovich'.,
candidate_121a37310f1b,artist_flora_yukhnovich,Flora Yukhnovich,gallery_exhibition,Lismore Castle Arts,Exhibitions - Lismore Castle Arts,2026-10-25,gallery_exhibition,https://lismorecastlearts.ie/whats-on/,Lismore Castle Arts,"Exhibitions - Lismore Castle Arts window.dataLayer = window.dataLayer || []; function gtag(){dataLayer.push(arguments);} gtag('js', new Date()); gtag('config', 'G-BTKW60Q3XS'); Exhibitions - Lismore Castle Arts Monday to Sunday 11am to 6pm (last entry 5pm) Acc",0.85,no,"Source page appears to describe an exhibition or gallery relationship; verify host, dates, and whether this is representation or only a venue.",Curated gallery page mentioned 'Flora Yukhnovich'.,
candidate_908324b37c9d,artist_louise_giovanelli,Louise Giovanelli,gallery_exhibition,Maureen Paley,Maureen Paley – Artists,,gallery_exhibition,https://www.maureenpaley.com/artists,Maureen Paley,Maureen Paley – Artists Maureen Paley – Artists Maureen Paley. Artists Exhibitions Publications News About Contact Search Search Lawrence Abu Hamdan Felipe Baeza Alexandra Bircken AA Bronson Tom Burr Hannah Collins Fiona Connor Daniel Correa Mejía Kaye Donachi,0.85,no,"Source page appears to describe an exhibition or gallery relationship; verify host, dates, and whether this is representation or only a venue.",Curated gallery page mentioned 'Louise Giovanelli'.,
candidate_5dc71ff9e094,artist_louise_giovanelli,Louise Giovanelli,gallery_exhibition,Maureen Paley,Maureen Paley – Jane and Louise Wilson,,gallery_exhibition,https://www.maureenpaley.com/artists/jane-and-louise-wilson,Maureen Paley,Jane and Louise Wilson Maureen Paley – Jane and Louise Wilson Maureen Paley – Jane and Louise Wilson Maureen Paley. Artists Exhibitions Publications News About Contact Search Search info@maureenpaley.com +44 (0)20 7729 4112,0.85,no,"Source page appears to describe an exhibition or gallery relationship; verify host, dates, and whether this is representation or only a venue.",Curated gallery page mentioned 'Louise Giovanelli'.,
candidate_7e6e50712df9,artist_louise_giovanelli,Louise Giovanelli,gallery_representation,Artists | Voloshyn Gallery,Artists | Voloshyn Gallery,1970,represents,https://voloshyngallery.art/artists/,Voloshyn Gallery,Artists | Voloshyn Gallery Artists | Voloshyn Gallery try { function checkStatisticsCookiePreference() { // Get the cookie_preferences item from localStorage const cookiePreferences = localStorage.getItem('cookie_preferences'); // Check if the item exists if (,0.85,no,"Source page appears to describe an exhibition or gallery relationship; verify host, dates, and whether this is representation or only a venue.",Curated gallery page mentioned 'Louise Giovanelli'.,
candidate_4b33b940bbfa,artist_louise_giovanelli,Louise Giovanelli,gallery_exhibition,Voloshyn Gallery,Current exhibitions | Voloshyn Gallery,2026-07-15,gallery_exhibition,https://voloshyngallery.art/exhibitions/,Voloshyn Gallery,Current exhibitions | Voloshyn Gallery Current exhibitions | Voloshyn Gallery try { function checkStatisticsCookiePreference() { // Get the cookie_preferences item from localStorage const cookiePreferences = localStorage.getItem('cookie_preferences'); // Check,0.85,no,"Source page appears to describe an exhibition or gallery relationship; verify host, dates, and whether this is representation or only a venue.",Curated gallery page mentioned 'Louise Giovanelli'.,
candidate_34192a19f49e,artist_louise_giovanelli,Louise Giovanelli,gallery_exhibition,Lismore Castle Arts,Exhibitions - Lismore Castle Arts,2026-10-25,gallery_exhibition,https://lismorecastlearts.ie/whats-on/,Lismore Castle Arts,"Exhibitions - Lismore Castle Arts window.dataLayer = window.dataLayer || []; function gtag(){dataLayer.push(arguments);} gtag('js', new Date()); gtag('config', 'G-BTKW60Q3XS'); Exhibitions - Lismore Castle Arts Monday to Sunday 11am to 6pm (last entry 5pm) Acc",0.85,no,"Source page appears to describe an exhibition or gallery relationship; verify host, dates, and whether this is representation or only a venue.",Curated gallery page mentioned 'Louise Giovanelli'.,
candidate_bb484a33a3dc,artist_jenna_gribbon,Jenna Gribbon,gallery_exhibition,Maureen Paley,Maureen Paley – Artists,,gallery_exhibition,https://www.maureenpaley.com/artists,Maureen Paley,Maureen Paley – Artists Maureen Paley – Artists Maureen Paley. Artists Exhibitions Publications News About Contact Search Search Lawrence Abu Hamdan Felipe Baeza Alexandra Bircken AA Bronson Tom Burr Hannah Collins Fiona Connor Daniel Correa Mejía Kaye Donachi,0.85,no,"Source page appears to describe an exhibition or gallery relationship; verify host, dates, and whether this is representation or only a venue.",Curated gallery page mentioned 'Jenna Gribbon'.,
candidate_6125f7a3bdf4,artist_jenna_gribbon,Jenna Gribbon,gallery_representation,Artists | Voloshyn Gallery,Artists | Voloshyn Gallery,1970,represents,https://voloshyngallery.art/artists/,Voloshyn Gallery,Artists | Voloshyn Gallery Artists | Voloshyn Gallery try { function checkStatisticsCookiePreference() { // Get the cookie_preferences item from localStorage const cookiePreferences = localStorage.getItem('cookie_preferences'); // Check if the item exists if (,0.85,no,"Source page appears to describe an exhibition or gallery relationship; verify host, dates, and whether this is representation or only a venue.",Curated gallery page mentioned 'Jenna Gribbon'.,
candidate_a725937d405a,artist_jenna_gribbon,Jenna Gribbon,gallery_exhibition,Voloshyn Gallery,Current exhibitions | Voloshyn Gallery,2026-07-15,gallery_exhibition,https://voloshyngallery.art/exhibitions/,Voloshyn Gallery,Current exhibitions | Voloshyn Gallery Current exhibitions | Voloshyn Gallery try { function checkStatisticsCookiePreference() { // Get the cookie_preferences item from localStorage const cookiePreferences = localStorage.getItem('cookie_preferences'); // Check,0.85,no,"Source page appears to describe an exhibition or gallery relationship; verify host, dates, and whether this is representation or only a venue.",Curated gallery page mentioned 'Jenna Gribbon'.,
candidate_1c1e973239b4,artist_jenna_gribbon,Jenna Gribbon,gallery_exhibition,Lismore Castle Arts,Exhibitions - Lismore Castle Arts,2026-10-25,gallery_exhibition,https://lismorecastlearts.ie/whats-on/,Lismore Castle Arts,"Exhibitions - Lismore Castle Arts window.dataLayer = window.dataLayer || []; function gtag(){dataLayer.push(arguments);} gtag('js', new Date()); gtag('config', 'G-BTKW60Q3XS'); Exhibitions - Lismore Castle Arts Monday to Sunday 11am to 6pm (last entry 5pm) Acc",0.85,no,"Source page appears to describe an exhibition or gallery relationship; verify host, dates, and whether this is representation or only a venue.",Curated gallery page mentioned 'Jenna Gribbon'.,
candidate_ac8a815ba714,artist_salman_toor,Salman Toor,gallery_exhibition,Maureen Paley,Maureen Paley – Artists,,gallery_exhibition,https://www.maureenpaley.com/artists,Maureen Paley,Maureen Paley – Artists Maureen Paley – Artists Maureen Paley. Artists Exhibitions Publications News About Contact Search Search Lawrence Abu Hamdan Felipe Baeza Alexandra Bircken AA Bronson Tom Burr Hannah Collins Fiona Connor Daniel Correa Mejía Kaye Donachi,0.85,no,"Source page appears to describe an exhibition or gallery relationship; verify host, dates, and whether this is representation or only a venue.",Curated gallery page mentioned 'Salman Toor'.,
candidate_177065486369,artist_salman_toor,Salman Toor,gallery_representation,Artists | Voloshyn Gallery,Artists | Voloshyn Gallery,1970,represents,https://voloshyngallery.art/artists/,Voloshyn Gallery,Artists | Voloshyn Gallery Artists | Voloshyn Gallery try { function checkStatisticsCookiePreference() { // Get the cookie_preferences item from localStorage const cookiePreferences = localStorage.getItem('cookie_preferences'); // Check if the item exists if (,0.85,no,"Source page appears to describe an exhibition or gallery relationship; verify host, dates, and whether this is representation or only a venue.",Curated gallery page mentioned 'Salman Toor'.,
candidate_930a8fccbbbd,artist_salman_toor,Salman Toor,gallery_exhibition,Voloshyn Gallery,Current exhibitions | Voloshyn Gallery,2026-07-15,gallery_exhibition,https://voloshyngallery.art/exhibitions/,Voloshyn Gallery,Current exhibitions | Voloshyn Gallery Current exhibitions | Voloshyn Gallery try { function checkStatisticsCookiePreference() { // Get the cookie_preferences item from localStorage const cookiePreferences = localStorage.getItem('cookie_preferences'); // Check,0.85,no,"Source page appears to describe an exhibition or gallery relationship; verify host, dates, and whether this is representation or only a venue.",Curated gallery page mentioned 'Salman Toor'.,
candidate_86e6547ef545,artist_salman_toor,Salman Toor,gallery_exhibition,Lismore Castle Arts,Exhibitions - Lismore Castle Arts,2026-10-25,gallery_exhibition,https://lismorecastlearts.ie/whats-on/,Lismore Castle Arts,"Exhibitions - Lismore Castle Arts window.dataLayer = window.dataLayer || []; function gtag(){dataLayer.push(arguments);} gtag('js', new Date()); gtag('config', 'G-BTKW60Q3XS'); Exhibitions - Lismore Castle Arts Monday to Sunday 11am to 6pm (last entry 5pm) Acc",0.85,no,"Source page appears to describe an exhibition or gallery relationship; verify host, dates, and whether this is representation or only a venue.",Curated gallery page mentioned 'Salman Toor'.,
candidate_2d5131479548,artist_amoako_boafo,Amoako Boafo,gallery_exhibition,Maureen Paley,Maureen Paley – Artists,,gallery_exhibition,https://www.maureenpaley.com/artists,Maureen Paley,Maureen Paley – Artists Maureen Paley – Artists Maureen Paley. Artists Exhibitions Publications News About Contact Search Search Lawrence Abu Hamdan Felipe Baeza Alexandra Bircken AA Bronson Tom Burr Hannah Collins Fiona Connor Daniel Correa Mejía Kaye Donachi,0.85,no,"Source page appears to describe an exhibition or gallery relationship; verify host, dates, and whether this is representation or only a venue.",Curated gallery page mentioned 'Amoako Boafo'.,
candidate_74ec609bc9ab,artist_amoako_boafo,Amoako Boafo,gallery_representation,Artists | Voloshyn Gallery,Artists | Voloshyn Gallery,1970,represents,https://voloshyngallery.art/artists/,Voloshyn Gallery,Artists | Voloshyn Gallery Artists | Voloshyn Gallery try { function checkStatisticsCookiePreference() { // Get the cookie_preferences item from localStorage const cookiePreferences = localStorage.getItem('cookie_preferences'); // Check if the item exists if (,0.85,no,"Source page appears to describe an exhibition or gallery relationship; verify host, dates, and whether this is representation or only a venue.",Curated gallery page mentioned 'Amoako Boafo'.,
candidate_f1b8a2566734,artist_amoako_boafo,Amoako Boafo,gallery_exhibition,Voloshyn Gallery,Current exhibitions | Voloshyn Gallery,2026-07-15,gallery_exhibition,https://voloshyngallery.art/exhibitions/,Voloshyn Gallery,Current exhibitions | Voloshyn Gallery Current exhibitions | Voloshyn Gallery try { function checkStatisticsCookiePreference() { // Get the cookie_preferences item from localStorage const cookiePreferences = localStorage.getItem('cookie_preferences'); // Check,0.85,no,"Source page appears to describe an exhibition or gallery relationship; verify host, dates, and whether this is representation or only a venue.",Curated gallery page mentioned 'Amoako Boafo'.,
candidate_9256d6a71b77,artist_amoako_boafo,Amoako Boafo,gallery_exhibition,Lismore Castle Arts,Exhibitions - Lismore Castle Arts,2026-10-25,gallery_exhibition,https://lismorecastlearts.ie/whats-on/,Lismore Castle Arts,"Exhibitions - Lismore Castle Arts window.dataLayer = window.dataLayer || []; function gtag(){dataLayer.push(arguments);} gtag('js', new Date()); gtag('config', 'G-BTKW60Q3XS'); Exhibitions - Lismore Castle Arts Monday to Sunday 11am to 6pm (last entry 5pm) Acc",0.85,no,"Source page appears to describe an exhibition or gallery relationship; verify host, dates, and whether this is representation or only a venue.",Curated gallery page mentioned 'Amoako Boafo'.,
candidate_2135bb18c5a5,artist_emma_webster,Emma Webster,gallery_exhibition,Maureen Paley,Maureen Paley – Artists,,gallery_exhibition,https://www.maureenpaley.com/artists,Maureen Paley,Maureen Paley – Artists Maureen Paley – Artists Maureen Paley. Artists Exhibitions Publications News About Contact Search Search Lawrence Abu Hamdan Felipe Baeza Alexandra Bircken AA Bronson Tom Burr Hannah Collins Fiona Connor Daniel Correa Mejía Kaye Donachi,0.85,no,"Source page appears to describe an exhibition or gallery relationship; verify host, dates, and whether this is representation or only a venue.",Curated gallery page mentioned 'Emma Webster'.,
candidate_ac649901636d,artist_emma_webster,Emma Webster,gallery_representation,Artists | Voloshyn Gallery,Artists | Voloshyn Gallery,1970,represents,https://voloshyngallery.art/artists/,Voloshyn Gallery,Artists | Voloshyn Gallery Artists | Voloshyn Gallery try { function checkStatisticsCookiePreference() { // Get the cookie_preferences item from localStorage const cookiePreferences = localStorage.getItem('cookie_preferences'); // Check if the item exists if (,0.85,no,"Source page appears to describe an exhibition or gallery relationship; verify host, dates, and whether this is representation or only a venue.",Curated gallery page mentioned 'Emma Webster'.,
candidate_82f7d88d3e82,artist_emma_webster,Emma Webster,gallery_exhibition,Voloshyn Gallery,Current exhibitions | Voloshyn Gallery,2026-07-15,gallery_exhibition,https://voloshyngallery.art/exhibitions/,Voloshyn Gallery,Current exhibitions | Voloshyn Gallery Current exhibitions | Voloshyn Gallery try { function checkStatisticsCookiePreference() { // Get the cookie_preferences item from localStorage const cookiePreferences = localStorage.getItem('cookie_preferences'); // Check,0.85,no,"Source page appears to describe an exhibition or gallery relationship; verify host, dates, and whether this is representation or only a venue.",Curated gallery page mentioned 'Emma Webster'.,
candidate_75c891f6c386,artist_emma_webster,Emma Webster,gallery_exhibition,Lismore Castle Arts,Exhibitions - Lismore Castle Arts,2026-10-25,gallery_exhibition,https://lismorecastlearts.ie/whats-on/,Lismore Castle Arts,"Exhibitions - Lismore Castle Arts window.dataLayer = window.dataLayer || []; function gtag(){dataLayer.push(arguments);} gtag('js', new Date()); gtag('config', 'G-BTKW60Q3XS'); Exhibitions - Lismore Castle Arts Monday to Sunday 11am to 6pm (last entry 5pm) Acc",0.85,no,"Source page appears to describe an exhibition or gallery relationship; verify host, dates, and whether this is representation or only a venue.",Curated gallery page mentioned 'Emma Webster'.,
candidate_4d4155e47e66,artist_lucy_bull,Lucy Bull,gallery_exhibition,Maureen Paley,Maureen Paley – Artists,,gallery_exhibition,https://www.maureenpaley.com/artists,Maureen Paley,Maureen Paley – Artists Maureen Paley – Artists Maureen Paley. Artists Exhibitions Publications News About Contact Search Search Lawrence Abu Hamdan Felipe Baeza Alexandra Bircken AA Bronson Tom Burr Hannah Collins Fiona Connor Daniel Correa Mejía Kaye Donachi,0.85,no,"Source page appears to describe an exhibition or gallery relationship; verify host, dates, and whether this is representation or only a venue.",Curated gallery page mentioned 'Lucy Bull'.,
candidate_641e9dd2eb17,artist_lucy_bull,Lucy Bull,gallery_representation,Artists | Voloshyn Gallery,Artists | Voloshyn Gallery,1970,represents,https://voloshyngallery.art/artists/,Voloshyn Gallery,Artists | Voloshyn Gallery Artists | Voloshyn Gallery try { function checkStatisticsCookiePreference() { // Get the cookie_preferences item from localStorage const cookiePreferences = localStorage.getItem('cookie_preferences'); // Check if the item exists if (,0.85,no,"Source page appears to describe an exhibition or gallery relationship; verify host, dates, and whether this is representation or only a venue.",Curated gallery page mentioned 'Lucy Bull'.,
candidate_f770ae975b98,artist_lucy_bull,Lucy Bull,gallery_exhibition,Voloshyn Gallery,Current exhibitions | Voloshyn Gallery,2026-07-15,gallery_exhibition,https://voloshyngallery.art/exhibitions/,Voloshyn Gallery,Current exhibitions | Voloshyn Gallery Current exhibitions | Voloshyn Gallery try { function checkStatisticsCookiePreference() { // Get the cookie_preferences item from localStorage const cookiePreferences = localStorage.getItem('cookie_preferences'); // Check,0.85,no,"Source page appears to describe an exhibition or gallery relationship; verify host, dates, and whether this is representation or only a venue.",Curated gallery page mentioned 'Lucy Bull'.,
candidate_bc1d46d89e40,artist_lucy_bull,Lucy Bull,gallery_exhibition,Lismore Castle Arts,Exhibitions - Lismore Castle Arts,2026-10-25,gallery_exhibition,https://lismorecastlearts.ie/whats-on/,Lismore Castle Arts,"Exhibitions - Lismore Castle Arts window.dataLayer = window.dataLayer || []; function gtag(){dataLayer.push(arguments);} gtag('js', new Date()); gtag('config', 'G-BTKW60Q3XS'); Exhibitions - Lismore Castle Arts Monday to Sunday 11am to 6pm (last entry 5pm) Acc",0.85,no,"Source page appears to describe an exhibition or gallery relationship; verify host, dates, and whether this is representation or only a venue.",Curated gallery page mentioned 'Lucy Bull'.,
candidate_0cd5c0c8331c,artist_jennifer_packer,Jennifer Packer,gallery_exhibition,Maureen Paley,Maureen Paley – Artists,,gallery_exhibition,https://www.maureenpaley.com/artists,Maureen Paley,Maureen Paley – Artists Maureen Paley – Artists Maureen Paley. Artists Exhibitions Publications News About Contact Search Search Lawrence Abu Hamdan Felipe Baeza Alexandra Bircken AA Bronson Tom Burr Hannah Collins Fiona Connor Daniel Correa Mejía Kaye Donachi,0.85,no,"Source page appears to describe an exhibition or gallery relationship; verify host, dates, and whether this is representation or only a venue.",Curated gallery page mentioned 'Jennifer Packer'.,
candidate_33fa70a26ade,artist_jennifer_packer,Jennifer Packer,gallery_representation,Artists | Voloshyn Gallery,Artists | Voloshyn Gallery,1970,represents,https://voloshyngallery.art/artists/,Voloshyn Gallery,Artists | Voloshyn Gallery Artists | Voloshyn Gallery try { function checkStatisticsCookiePreference() { // Get the cookie_preferences item from localStorage const cookiePreferences = localStorage.getItem('cookie_preferences'); // Check if the item exists if (,0.85,no,"Source page appears to describe an exhibition or gallery relationship; verify host, dates, and whether this is representation or only a venue.",Curated gallery page mentioned 'Jennifer Packer'.,
candidate_3dafd16a1de2,artist_jennifer_packer,Jennifer Packer,gallery_exhibition,Voloshyn Gallery,Current exhibitions | Voloshyn Gallery,2026-07-15,gallery_exhibition,https://voloshyngallery.art/exhibitions/,Voloshyn Gallery,Current exhibitions | Voloshyn Gallery Current exhibitions | Voloshyn Gallery try { function checkStatisticsCookiePreference() { // Get the cookie_preferences item from localStorage const cookiePreferences = localStorage.getItem('cookie_preferences'); // Check,0.85,no,"Source page appears to describe an exhibition or gallery relationship; verify host, dates, and whether this is representation or only a venue.",Curated gallery page mentioned 'Jennifer Packer'.,
candidate_dd80b2e060dc,artist_jennifer_packer,Jennifer Packer,gallery_exhibition,Lismore Castle Arts,Exhibitions - Lismore Castle Arts,2026-10-25,gallery_exhibition,https://lismorecastlearts.ie/whats-on/,Lismore Castle Arts,"Exhibitions - Lismore Castle Arts window.dataLayer = window.dataLayer || []; function gtag(){dataLayer.push(arguments);} gtag('js', new Date()); gtag('config', 'G-BTKW60Q3XS'); Exhibitions - Lismore Castle Arts Monday to Sunday 11am to 6pm (last entry 5pm) Acc",0.85,no,"Source page appears to describe an exhibition or gallery relationship; verify host, dates, and whether this is representation or only a venue.",Curated gallery page mentioned 'Jennifer Packer'.,
candidate_88e8a89e42a2,artist_christina_quarles,Christina Quarles,gallery_exhibition,Maureen Paley,Maureen Paley – Artists,,gallery_exhibition,https://www.maureenpaley.com/artists,Maureen Paley,Maureen Paley – Artists Maureen Paley – Artists Maureen Paley. Artists Exhibitions Publications News About Contact Search Search Lawrence Abu Hamdan Felipe Baeza Alexandra Bircken AA Bronson Tom Burr Hannah Collins Fiona Connor Daniel Correa Mejía Kaye Donachi,0.85,no,"Source page appears to describe an exhibition or gallery relationship; verify host, dates, and whether this is representation or only a venue.",Curated gallery page mentioned 'Christina Quarles'.,
candidate_ef46c9b5ab37,artist_christina_quarles,Christina Quarles,gallery_representation,Artists | Voloshyn Gallery,Artists | Voloshyn Gallery,1970,represents,https://voloshyngallery.art/artists/,Voloshyn Gallery,Artists | Voloshyn Gallery Artists | Voloshyn Gallery try { function checkStatisticsCookiePreference() { // Get the cookie_preferences item from localStorage const cookiePreferences = localStorage.getItem('cookie_preferences'); // Check if the item exists if (,0.85,no,"Source page appears to describe an exhibition or gallery relationship; verify host, dates, and whether this is representation or only a venue.",Curated gallery page mentioned 'Christina Quarles'.,
candidate_062c84514d59,artist_christina_quarles,Christina Quarles,gallery_exhibition,Voloshyn Gallery,Current exhibitions | Voloshyn Gallery,2026-07-15,gallery_exhibition,https://voloshyngallery.art/exhibitions/,Voloshyn Gallery,Current exhibitions | Voloshyn Gallery Current exhibitions | Voloshyn Gallery try { function checkStatisticsCookiePreference() { // Get the cookie_preferences item from localStorage const cookiePreferences = localStorage.getItem('cookie_preferences'); // Check,0.85,no,"Source page appears to describe an exhibition or gallery relationship; verify host, dates, and whether this is representation or only a venue.",Curated gallery page mentioned 'Christina Quarles'.,
candidate_39251052ac70,artist_christina_quarles,Christina Quarles,gallery_exhibition,Lismore Castle Arts,Exhibitions - Lismore Castle Arts,2026-10-25,gallery_exhibition,https://lismorecastlearts.ie/whats-on/,Lismore Castle Arts,"Exhibitions - Lismore Castle Arts window.dataLayer = window.dataLayer || []; function gtag(){dataLayer.push(arguments);} gtag('js', new Date()); gtag('config', 'G-BTKW60Q3XS'); Exhibitions - Lismore Castle Arts Monday to Sunday 11am to 6pm (last entry 5pm) Acc",0.85,no,"Source page appears to describe an exhibition or gallery relationship; verify host, dates, and whether this is representation or only a venue.",Curated gallery page mentioned 'Christina Quarles'.,
candidate_06fe1a6619e6,artist_tschabalala_self,Tschabalala Self,gallery_exhibition,Maureen Paley,Maureen Paley – Artists,,gallery_exhibition,https://www.maureenpaley.com/artists,Maureen Paley,Maureen Paley – Artists Maureen Paley – Artists Maureen Paley. Artists Exhibitions Publications News About Contact Search Search Lawrence Abu Hamdan Felipe Baeza Alexandra Bircken AA Bronson Tom Burr Hannah Collins Fiona Connor Daniel Correa Mejía Kaye Donachi,0.85,no,"Source page appears to describe an exhibition or gallery relationship; verify host, dates, and whether this is representation or only a venue.",Curated gallery page mentioned 'Tschabalala Self'.,
candidate_579f4f060271,artist_tschabalala_self,Tschabalala Self,gallery_representation,Artists | Voloshyn Gallery,Artists | Voloshyn Gallery,1970,represents,https://voloshyngallery.art/artists/,Voloshyn Gallery,Artists | Voloshyn Gallery Artists | Voloshyn Gallery try { function checkStatisticsCookiePreference() { // Get the cookie_preferences item from localStorage const cookiePreferences = localStorage.getItem('cookie_preferences'); // Check if the item exists if (,0.85,no,"Source page appears to describe an exhibition or gallery relationship; verify host, dates, and whether this is representation or only a venue.",Curated gallery page mentioned 'Tschabalala Self'.,
candidate_44b714292e9e,artist_tschabalala_self,Tschabalala Self,gallery_exhibition,Voloshyn Gallery,Current exhibitions | Voloshyn Gallery,2026-07-15,gallery_exhibition,https://voloshyngallery.art/exhibitions/,Voloshyn Gallery,Current exhibitions | Voloshyn Gallery Current exhibitions | Voloshyn Gallery try { function checkStatisticsCookiePreference() { // Get the cookie_preferences item from localStorage const cookiePreferences = localStorage.getItem('cookie_preferences'); // Check,0.85,no,"Source page appears to describe an exhibition or gallery relationship; verify host, dates, and whether this is representation or only a venue.",Curated gallery page mentioned 'Tschabalala Self'.,
candidate_3527602f3045,artist_tschabalala_self,Tschabalala Self,gallery_exhibition,Lismore Castle Arts,Exhibitions - Lismore Castle Arts,2026-10-25,gallery_exhibition,https://lismorecastlearts.ie/whats-on/,Lismore Castle Arts,"Exhibitions - Lismore Castle Arts window.dataLayer = window.dataLayer || []; function gtag(){dataLayer.push(arguments);} gtag('js', new Date()); gtag('config', 'G-BTKW60Q3XS'); Exhibitions - Lismore Castle Arts Monday to Sunday 11am to 6pm (last entry 5pm) Acc",0.85,no,"Source page appears to describe an exhibition or gallery relationship; verify host, dates, and whether this is representation or only a venue.",Curated gallery page mentioned 'Tschabalala Self'.,
candidate_2d0a81268375,artist_toyin_ojih_odutola,Toyin Ojih Odutola,gallery_exhibition,Maureen Paley,Maureen Paley – Artists,,gallery_exhibition,https://www.maureenpaley.com/artists,Maureen Paley,Maureen Paley – Artists Maureen Paley – Artists Maureen Paley. Artists Exhibitions Publications News About Contact Search Search Lawrence Abu Hamdan Felipe Baeza Alexandra Bircken AA Bronson Tom Burr Hannah Collins Fiona Connor Daniel Correa Mejía Kaye Donachi,0.85,no,"Source page appears to describe an exhibition or gallery relationship; verify host, dates, and whether this is representation or only a venue.",Curated gallery page mentioned 'Toyin Ojih Odutola'.,
candidate_c35dacb206f0,artist_toyin_ojih_odutola,Toyin Ojih Odutola,gallery_representation,Artists | Voloshyn Gallery,Artists | Voloshyn Gallery,1970,represents,https://voloshyngallery.art/artists/,Voloshyn Gallery,Artists | Voloshyn Gallery Artists | Voloshyn Gallery try { function checkStatisticsCookiePreference() { // Get the cookie_preferences item from localStorage const cookiePreferences = localStorage.getItem('cookie_preferences'); // Check if the item exists if (,0.85,no,"Source page appears to describe an exhibition or gallery relationship; verify host, dates, and whether this is representation or only a venue.",Curated gallery page mentioned 'Toyin Ojih Odutola'.,
candidate_f4338ca9981f,artist_toyin_ojih_odutola,Toyin Ojih Odutola,gallery_exhibition,Voloshyn Gallery,Current exhibitions | Voloshyn Gallery,2026-07-15,gallery_exhibition,https://voloshyngallery.art/exhibitions/,Voloshyn Gallery,Current exhibitions | Voloshyn Gallery Current exhibitions | Voloshyn Gallery try { function checkStatisticsCookiePreference() { // Get the cookie_preferences item from localStorage const cookiePreferences = localStorage.getItem('cookie_preferences'); // Check,0.85,no,"Source page appears to describe an exhibition or gallery relationship; verify host, dates, and whether this is representation or only a venue.",Curated gallery page mentioned 'Toyin Ojih Odutola'.,
candidate_8bdd9c197280,artist_toyin_ojih_odutola,Toyin Ojih Odutola,gallery_exhibition,Lismore Castle Arts,Exhibitions - Lismore Castle Arts,2026-10-25,gallery_exhibition,https://lismorecastlearts.ie/whats-on/,Lismore Castle Arts,"Exhibitions - Lismore Castle Arts window.dataLayer = window.dataLayer || []; function gtag(){dataLayer.push(arguments);} gtag('js', new Date()); gtag('config', 'G-BTKW60Q3XS'); Exhibitions - Lismore Castle Arts Monday to Sunday 11am to 6pm (last entry 5pm) Acc",0.85,no,"Source page appears to describe an exhibition or gallery relationship; verify host, dates, and whether this is representation or only a venue.",Curated gallery page mentioned 'Toyin Ojih Odutola'.,
candidate_c2b7127cf75e,artist_jordan_casteel,Jordan Casteel,gallery_exhibition,Maureen Paley,Maureen Paley – Artists,,gallery_exhibition,https://www.maureenpaley.com/artists,Maureen Paley,Maureen Paley – Artists Maureen Paley – Artists Maureen Paley. Artists Exhibitions Publications News About Contact Search Search Lawrence Abu Hamdan Felipe Baeza Alexandra Bircken AA Bronson Tom Burr Hannah Collins Fiona Connor Daniel Correa Mejía Kaye Donachi,0.85,no,"Source page appears to describe an exhibition or gallery relationship; verify host, dates, and whether this is representation or only a venue.",Curated gallery page mentioned 'Jordan Casteel'.,
candidate_1e0e1de8d085,artist_jordan_casteel,Jordan Casteel,gallery_representation,Artists | Voloshyn Gallery,Artists | Voloshyn Gallery,1970,represents,https://voloshyngallery.art/artists/,Voloshyn Gallery,Artists | Voloshyn Gallery Artists | Voloshyn Gallery try { function checkStatisticsCookiePreference() { // Get the cookie_preferences item from localStorage const cookiePreferences = localStorage.getItem('cookie_preferences'); // Check if the item exists if (,0.85,no,"Source page appears to describe an exhibition or gallery relationship; verify host, dates, and whether this is representation or only a venue.",Curated gallery page mentioned 'Jordan Casteel'.,
candidate_05f0900441c5,artist_jordan_casteel,Jordan Casteel,gallery_exhibition,Voloshyn Gallery,Current exhibitions | Voloshyn Gallery,2026-07-15,gallery_exhibition,https://voloshyngallery.art/exhibitions/,Voloshyn Gallery,Current exhibitions | Voloshyn Gallery Current exhibitions | Voloshyn Gallery try { function checkStatisticsCookiePreference() { // Get the cookie_preferences item from localStorage const cookiePreferences = localStorage.getItem('cookie_preferences'); // Check,0.85,no,"Source page appears to describe an exhibition or gallery relationship; verify host, dates, and whether this is representation or only a venue.",Curated gallery page mentioned 'Jordan Casteel'.,
candidate_d77c1d22f255,artist_jordan_casteel,Jordan Casteel,gallery_exhibition,Lismore Castle Arts,Exhibitions - Lismore Castle Arts,2026-10-25,gallery_exhibition,https://lismorecastlearts.ie/whats-on/,Lismore Castle Arts,"Exhibitions - Lismore Castle Arts window.dataLayer = window.dataLayer || []; function gtag(){dataLayer.push(arguments);} gtag('js', new Date()); gtag('config', 'G-BTKW60Q3XS'); Exhibitions - Lismore Castle Arts Monday to Sunday 11am to 6pm (last entry 5pm) Acc",0.85,no,"Source page appears to describe an exhibition or gallery relationship; verify host, dates, and whether this is representation or only a venue.",Curated gallery page mentioned 'Jordan Casteel'.,
candidate_505b482a410c,artist_oscar_yi_hou,Oscar yi Hou,gallery_exhibition,Maureen Paley,Maureen Paley – Artists,,gallery_exhibition,https://www.maureenpaley.com/artists,Maureen Paley,Maureen Paley – Artists Maureen Paley – Artists Maureen Paley. Artists Exhibitions Publications News About Contact Search Search Lawrence Abu Hamdan Felipe Baeza Alexandra Bircken AA Bronson Tom Burr Hannah Collins Fiona Connor Daniel Correa Mejía Kaye Donachi,0.85,no,"Source page appears to describe an exhibition or gallery relationship; verify host, dates, and whether this is representation or only a venue.",Curated gallery page mentioned 'Oscar yi Hou'.,
candidate_be3224d0b4fb,artist_oscar_yi_hou,Oscar yi Hou,gallery_exhibition,Maureen Paley,Maureen Paley – Oscar Tuazon,,gallery_exhibition,https://www.maureenpaley.com/artists/oscar-tuazon,Maureen Paley,Oscar Tuazon Maureen Paley – Oscar Tuazon Maureen Paley – Oscar Tuazon Maureen Paley. Artists Exhibitions Publications News About Contact Search Search info@maureenpaley.com +44 (0)20 7729 4112,0.85,no,"Source page appears to describe an exhibition or gallery relationship; verify host, dates, and whether this is representation or only a venue.",Curated gallery page mentioned 'Oscar yi Hou'.,
candidate_b78972f31c24,artist_oscar_yi_hou,Oscar yi Hou,gallery_representation,Artists | Voloshyn Gallery,Artists | Voloshyn Gallery,1970,represents,https://voloshyngallery.art/artists/,Voloshyn Gallery,Artists | Voloshyn Gallery Artists | Voloshyn Gallery try { function checkStatisticsCookiePreference() { // Get the cookie_preferences item from localStorage const cookiePreferences = localStorage.getItem('cookie_preferences'); // Check if the item exists if (,0.85,no,"Source page appears to describe an exhibition or gallery relationship; verify host, dates, and whether this is representation or only a venue.",Curated gallery page mentioned 'Oscar yi Hou'.,
candidate_f556fb0c92fe,artist_oscar_yi_hou,Oscar yi Hou,gallery_exhibition,Voloshyn Gallery,Current exhibitions | Voloshyn Gallery,2026-07-15,gallery_exhibition,https://voloshyngallery.art/exhibitions/,Voloshyn Gallery,Current exhibitions | Voloshyn Gallery Current exhibitions | Voloshyn Gallery try { function checkStatisticsCookiePreference() { // Get the cookie_preferences item from localStorage const cookiePreferences = localStorage.getItem('cookie_preferences'); // Check,0.85,no,"Source page appears to describe an exhibition or gallery relationship; verify host, dates, and whether this is representation or only a venue.",Curated gallery page mentioned 'Oscar yi Hou'.,
candidate_2742eeec8768,artist_oscar_yi_hou,Oscar yi Hou,gallery_exhibition,Lismore Castle Arts,Exhibitions - Lismore Castle Arts,2026-10-25,gallery_exhibition,https://lismorecastlearts.ie/whats-on/,Lismore Castle Arts,"Exhibitions - Lismore Castle Arts window.dataLayer = window.dataLayer || []; function gtag(){dataLayer.push(arguments);} gtag('js', new Date()); gtag('config', 'G-BTKW60Q3XS'); Exhibitions - Lismore Castle Arts Monday to Sunday 11am to 6pm (last entry 5pm) Acc",0.85,no,"Source page appears to describe an exhibition or gallery relationship; verify host, dates, and whether this is representation or only a venue.",Curated gallery page mentioned 'Oscar yi Hou'.,
candidate_ba30d0ae65d1,artist_michael_armitage,Michael Armitage,gallery_exhibition,Maureen Paley,Maureen Paley – Artists,,gallery_exhibition,https://www.maureenpaley.com/artists,Maureen Paley,Maureen Paley – Artists Maureen Paley – Artists Maureen Paley. Artists Exhibitions Publications News About Contact Search Search Lawrence Abu Hamdan Felipe Baeza Alexandra Bircken AA Bronson Tom Burr Hannah Collins Fiona Connor Daniel Correa Mejía Kaye Donachi,0.85,no,"Source page appears to describe an exhibition or gallery relationship; verify host, dates, and whether this is representation or only a venue.",Curated gallery page mentioned 'Michael Armitage'.,
candidate_10e11b447569,artist_michael_armitage,Michael Armitage,gallery_exhibition,Maureen Paley,Maureen Paley – Michael Krebber,,gallery_exhibition,https://www.maureenpaley.com/artists/michael-krebber,Maureen Paley,Michael Krebber Maureen Paley – Michael Krebber Maureen Paley – Michael Krebber Maureen Paley. Artists Exhibitions Publications News About Contact Search Search info@maureenpaley.com +44 (0)20 7729 4112,0.85,no,"Source page appears to describe an exhibition or gallery relationship; verify host, dates, and whether this is representation or only a venue.",Curated gallery page mentioned 'Michael Armitage'.,
candidate_fa0c88abaccc,artist_michael_armitage,Michael Armitage,gallery_exhibition,Maureen Paley,Maureen Paley – Michael Queenland,,gallery_exhibition,https://www.maureenpaley.com/artists/michael-queenland,Maureen Paley,Michael Queenland Maureen Paley – Michael Queenland Maureen Paley – Michael Queenland Maureen Paley. Artists Exhibitions Publications News About Contact Search Search info@maureenpaley.com +44 (0)20 7729 4112,0.85,no,"Source page appears to describe an exhibition or gallery relationship; verify host, dates, and whether this is representation or only a venue.",Curated gallery page mentioned 'Michael Armitage'.,
candidate_1211b9a24c28,artist_michael_armitage,Michael Armitage,gallery_representation,Artists | Voloshyn Gallery,Artists | Voloshyn Gallery,1970,represents,https://voloshyngallery.art/artists/,Voloshyn Gallery,Artists | Voloshyn Gallery Artists | Voloshyn Gallery try { function checkStatisticsCookiePreference() { // Get the cookie_preferences item from localStorage const cookiePreferences = localStorage.getItem('cookie_preferences'); // Check if the item exists if (,0.85,no,"Source page appears to describe an exhibition or gallery relationship; verify host, dates, and whether this is representation or only a venue.",Curated gallery page mentioned 'Michael Armitage'.,
candidate_00a6a3bcbb06,artist_michael_armitage,Michael Armitage,gallery_exhibition,Voloshyn Gallery,Current exhibitions | Voloshyn Gallery,2026-07-15,gallery_exhibition,https://voloshyngallery.art/exhibitions/,Voloshyn Gallery,Current exhibitions | Voloshyn Gallery Current exhibitions | Voloshyn Gallery try { function checkStatisticsCookiePreference() { // Get the cookie_preferences item from localStorage const cookiePreferences = localStorage.getItem('cookie_preferences'); // Check,0.85,no,"Source page appears to describe an exhibition or gallery relationship; verify host, dates, and whether this is representation or only a venue.",Curated gallery page mentioned 'Michael Armitage'.,
candidate_95f932ce6b88,artist_michael_armitage,Michael Armitage,gallery_exhibition,Lismore Castle Arts,Exhibitions - Lismore Castle Arts,2026-10-25,gallery_exhibition,https://lismorecastlearts.ie/whats-on/,Lismore Castle Arts,"Exhibitions - Lismore Castle Arts window.dataLayer = window.dataLayer || []; function gtag(){dataLayer.push(arguments);} gtag('js', new Date()); gtag('config', 'G-BTKW60Q3XS'); Exhibitions - Lismore Castle Arts Monday to Sunday 11am to 6pm (last entry 5pm) Acc",0.85,no,"Source page appears to describe an exhibition or gallery relationship; verify host, dates, and whether this is representation or only a venue.",Curated gallery page mentioned 'Michael Armitage'.,
candidate_3f70bc56da72,artist_lynette_yiadom_boakye,Lynette Yiadom-Boakye,gallery_exhibition,Maureen Paley,Maureen Paley – Artists,,gallery_exhibition,https://www.maureenpaley.com/artists,Maureen Paley,Maureen Paley – Artists Maureen Paley – Artists Maureen Paley. Artists Exhibitions Publications News About Contact Search Search Lawrence Abu Hamdan Felipe Baeza Alexandra Bircken AA Bronson Tom Burr Hannah Collins Fiona Connor Daniel Correa Mejía Kaye Donachi,0.85,no,"Source page appears to describe an exhibition or gallery relationship; verify host, dates, and whether this is representation or only a venue.",Curated gallery page mentioned 'Lynette Yiadom-Boakye'.,
candidate_dc3850349422,artist_lynette_yiadom_boakye,Lynette Yiadom-Boakye,gallery_representation,Artists | Voloshyn Gallery,Artists | Voloshyn Gallery,1970,represents,https://voloshyngallery.art/artists/,Voloshyn Gallery,Artists | Voloshyn Gallery Artists | Voloshyn Gallery try { function checkStatisticsCookiePreference() { // Get the cookie_preferences item from localStorage const cookiePreferences = localStorage.getItem('cookie_preferences'); // Check if the item exists if (,0.85,no,"Source page appears to describe an exhibition or gallery relationship; verify host, dates, and whether this is representation or only a venue.",Curated gallery page mentioned 'Lynette Yiadom-Boakye'.,
candidate_a3b4610116a7,artist_lynette_yiadom_boakye,Lynette Yiadom-Boakye,gallery_exhibition,Voloshyn Gallery,Current exhibitions | Voloshyn Gallery,2026-07-15,gallery_exhibition,https://voloshyngallery.art/exhibitions/,Voloshyn Gallery,Current exhibitions | Voloshyn Gallery Current exhibitions | Voloshyn Gallery try { function checkStatisticsCookiePreference() { // Get the cookie_preferences item from localStorage const cookiePreferences = localStorage.getItem('cookie_preferences'); // Check,0.85,no,"Source page appears to describe an exhibition or gallery relationship; verify host, dates, and whether this is representation or only a venue.",Curated gallery page mentioned 'Lynette Yiadom-Boakye'.,
candidate_45034494f5c5,artist_lynette_yiadom_boakye,Lynette Yiadom-Boakye,gallery_exhibition,Lismore Castle Arts,Exhibitions - Lismore Castle Arts,2026-10-25,gallery_exhibition,https://lismorecastlearts.ie/whats-on/,Lismore Castle Arts,"Exhibitions - Lismore Castle Arts window.dataLayer = window.dataLayer || []; function gtag(){dataLayer.push(arguments);} gtag('js', new Date()); gtag('config', 'G-BTKW60Q3XS'); Exhibitions - Lismore Castle Arts Monday to Sunday 11am to 6pm (last entry 5pm) Acc",0.85,no,"Source page appears to describe an exhibition or gallery relationship; verify host, dates, and whether this is representation or only a venue.",Curated gallery page mentioned 'Lynette Yiadom-Boakye'.,
candidate_c0921d62c2a3,artist_njideka_akunyili_crosby,Njideka Akunyili Crosby,gallery_exhibition,Maureen Paley,Maureen Paley – Artists,,gallery_exhibition,https://www.maureenpaley.com/artists,Maureen Paley,Maureen Paley – Artists Maureen Paley – Artists Maureen Paley. Artists Exhibitions Publications News About Contact Search Search Lawrence Abu Hamdan Felipe Baeza Alexandra Bircken AA Bronson Tom Burr Hannah Collins Fiona Connor Daniel Correa Mejía Kaye Donachi,0.85,no,"Source page appears to describe an exhibition or gallery relationship; verify host, dates, and whether this is representation or only a venue.",Curated gallery page mentioned 'Njideka Akunyili Crosby'.,
candidate_a95cee50e432,artist_njideka_akunyili_crosby,Njideka Akunyili Crosby,gallery_representation,Artists | Voloshyn Gallery,Artists | Voloshyn Gallery,1970,represents,https://voloshyngallery.art/artists/,Voloshyn Gallery,Artists | Voloshyn Gallery Artists | Voloshyn Gallery try { function checkStatisticsCookiePreference() { // Get the cookie_preferences item from localStorage const cookiePreferences = localStorage.getItem('cookie_preferences'); // Check if the item exists if (,0.85,no,"Source page appears to describe an exhibition or gallery relationship; verify host, dates, and whether this is representation or only a venue.",Curated gallery page mentioned 'Njideka Akunyili Crosby'.,
candidate_0de5ff4ea815,artist_njideka_akunyili_crosby,Njideka Akunyili Crosby,gallery_exhibition,Voloshyn Gallery,Current exhibitions | Voloshyn Gallery,2026-07-15,gallery_exhibition,https://voloshyngallery.art/exhibitions/,Voloshyn Gallery,Current exhibitions | Voloshyn Gallery Current exhibitions | Voloshyn Gallery try { function checkStatisticsCookiePreference() { // Get the cookie_preferences item from localStorage const cookiePreferences = localStorage.getItem('cookie_preferences'); // Check,0.85,no,"Source page appears to describe an exhibition or gallery relationship; verify host, dates, and whether this is representation or only a venue.",Curated gallery page mentioned 'Njideka Akunyili Crosby'.,
candidate_9f895d7c09ba,artist_njideka_akunyili_crosby,Njideka Akunyili Crosby,gallery_exhibition,Lismore Castle Arts,Exhibitions - Lismore Castle Arts,2026-10-25,gallery_exhibition,https://lismorecastlearts.ie/whats-on/,Lismore Castle Arts,"Exhibitions - Lismore Castle Arts window.dataLayer = window.dataLayer || []; function gtag(){dataLayer.push(arguments);} gtag('js', new Date()); gtag('config', 'G-BTKW60Q3XS'); Exhibitions - Lismore Castle Arts Monday to Sunday 11am to 6pm (last entry 5pm) Acc",0.85,no,"Source page appears to describe an exhibition or gallery relationship; verify host, dates, and whether this is representation or only a venue.",Curated gallery page mentioned 'Njideka Akunyili Crosby'.,
candidate_bc05827f063f,artist_dana_schutz,Dana Schutz,gallery_exhibition,Maureen Paley,Maureen Paley – Artists,,gallery_exhibition,https://www.maureenpaley.com/artists,Maureen Paley,Maureen Paley – Artists Maureen Paley – Artists Maureen Paley. Artists Exhibitions Publications News About Contact Search Search Lawrence Abu Hamdan Felipe Baeza Alexandra Bircken AA Bronson Tom Burr Hannah Collins Fiona Connor Daniel Correa Mejía Kaye Donachi,0.85,no,"Source page appears to describe an exhibition or gallery relationship; verify host, dates, and whether this is representation or only a venue.",Curated gallery page mentioned 'Dana Schutz'.,
candidate_50504760cd5c,artist_dana_schutz,Dana Schutz,gallery_representation,Artists | Voloshyn Gallery,Artists | Voloshyn Gallery,1970,represents,https://voloshyngallery.art/artists/,Voloshyn Gallery,Artists | Voloshyn Gallery Artists | Voloshyn Gallery try { function checkStatisticsCookiePreference() { // Get the cookie_preferences item from localStorage const cookiePreferences = localStorage.getItem('cookie_preferences'); // Check if the item exists if (,0.85,no,"Source page appears to describe an exhibition or gallery relationship; verify host, dates, and whether this is representation or only a venue.",Curated gallery page mentioned 'Dana Schutz'.,
candidate_63ce65775c4f,artist_dana_schutz,Dana Schutz,gallery_exhibition,Voloshyn Gallery,Current exhibitions | Voloshyn Gallery,2026-07-15,gallery_exhibition,https://voloshyngallery.art/exhibitions/,Voloshyn Gallery,Current exhibitions | Voloshyn Gallery Current exhibitions | Voloshyn Gallery try { function checkStatisticsCookiePreference() { // Get the cookie_preferences item from localStorage const cookiePreferences = localStorage.getItem('cookie_preferences'); // Check,0.85,no,"Source page appears to describe an exhibition or gallery relationship; verify host, dates, and whether this is representation or only a venue.",Curated gallery page mentioned 'Dana Schutz'.,
candidate_6a2abab53822,artist_dana_schutz,Dana Schutz,gallery_exhibition,Lismore Castle Arts,Exhibitions - Lismore Castle Arts,2026-10-25,gallery_exhibition,https://lismorecastlearts.ie/whats-on/,Lismore Castle Arts,"Exhibitions - Lismore Castle Arts window.dataLayer = window.dataLayer || []; function gtag(){dataLayer.push(arguments);} gtag('js', new Date()); gtag('config', 'G-BTKW60Q3XS'); Exhibitions - Lismore Castle Arts Monday to Sunday 11am to 6pm (last entry 5pm) Acc",0.85,no,"Source page appears to describe an exhibition or gallery relationship; verify host, dates, and whether this is representation or only a venue.",Curated gallery page mentioned 'Dana Schutz'.,
candidate_7d6858a5e991,artist_pavlo_kerestey,Pavlo Kerestey,gallery_exhibition,Maureen Paley,Maureen Paley – Artists,,gallery_exhibition,https://www.maureenpaley.com/artists,Maureen Paley,Maureen Paley – Artists Maureen Paley – Artists Maureen Paley. Artists Exhibitions Publications News About Contact Search Search Lawrence Abu Hamdan Felipe Baeza Alexandra Bircken AA Bronson Tom Burr Hannah Collins Fiona Connor Daniel Correa Mejía Kaye Donachi,0.85,no,"Source page appears to describe an exhibition or gallery relationship; verify host, dates, and whether this is representation or only a venue.",Curated gallery page mentioned 'Pavlo Kerestey'.,
candidate_ab0389dc942b,artist_pavlo_kerestey,Pavlo Kerestey,gallery_representation,Artists | Voloshyn Gallery,Artists | Voloshyn Gallery,1970,represents,https://voloshyngallery.art/artists/,Voloshyn Gallery,to cart View cart & checkout Continue shopping Menu EN UK Artists Gallery artists Danylo Halkin Nikita Kadan Nikolay Karabinovych Pavlo Kerestey Lesia Khomenko Kateryna Lysovenko Open Group Daniil Revkovskiy and Andriy Rachinskiy Vlada Ralko Mykola Ridnyi Oleksiy Sai Yevgen,0.85,no,"Source page appears to describe an exhibition or gallery relationship; verify host, dates, and whether this is representation or only a venue.",Curated gallery page mentioned 'Pavlo Kerestey'.,
candidate_ef4cc7317fc8,artist_pavlo_kerestey,Pavlo Kerestey,gallery_exhibition,Voloshyn Gallery,Pavlo Kerestey | Voloshyn Gallery,2025-10-25,gallery_exhibition,https://voloshyngallery.art/artists/37-pavlo-kerestey/,Voloshyn Gallery,Pavlo Kerestey Pavlo Kerestey | Voloshyn Gallery Pavlo Kerestey | Voloshyn Gallery try { function checkStatisticsCookiePreference() { // Get the,0.85,no,"Source page appears to describe an exhibition or gallery relationship; verify host, dates, and whether this is representation or only a venue.",Curated gallery page mentioned 'Pavlo Kerestey'.,
candidate_bb54e45caaaa,artist_pavlo_kerestey,Pavlo Kerestey,gallery_exhibition,Voloshyn Gallery,Current exhibitions | Voloshyn Gallery,2026-07-15,gallery_exhibition,https://voloshyngallery.art/exhibitions/,Voloshyn Gallery,Current exhibitions | Voloshyn Gallery Current exhibitions | Voloshyn Gallery try { function checkStatisticsCookiePreference() { // Get the cookie_preferences item from localStorage const cookiePreferences = localStorage.getItem('cookie_preferences'); // Check,0.85,no,"Source page appears to describe an exhibition or gallery relationship; verify host, dates, and whether this is representation or only a venue.",Curated gallery page mentioned 'Pavlo Kerestey'.,
candidate_0d051c5df4a2,artist_pavlo_kerestey,Pavlo Kerestey,gallery_exhibition,Lismore Castle Arts,Exhibitions - Lismore Castle Arts,2026-10-25,gallery_exhibition,https://lismorecastlearts.ie/whats-on/,Lismore Castle Arts,"Exhibitions - Lismore Castle Arts window.dataLayer = window.dataLayer || []; function gtag(){dataLayer.push(arguments);} gtag('js', new Date()); gtag('config', 'G-BTKW60Q3XS'); Exhibitions - Lismore Castle Arts Monday to Sunday 11am to 6pm (last entry 5pm) Acc",0.85,no,"Source page appears to describe an exhibition or gallery relationship; verify host, dates, and whether this is representation or only a venue.",Curated gallery page mentioned 'Pavlo Kerestey'.,
candidate_134458c6bf67,artist_kaye_donachie,Kaye Donachie,artist_profile,Kaye Donachie,,,identity_match,http://www.wikidata.org/entity/Q16730669,Wikidata,Kaye Donachie — British painter (born 1970),0.80,no,Structured source appears to describe a visual artist; verify identity before accepting.,name matched a visual-artist description; exact name match to 'Kaye Donachie'; Wikidata description: British painter (born 1970),
candidate_e60083b1a736,artist_kaye_donachie,Kaye Donachie,rejected_match,Kaye Donachie,,,not_applicable,http://www.wikidata.org/entity/Q127273096,Wikidata,Kaye Donachie,0.25,no,Result does not clearly describe the queried artist as a visual artist.,"Wikidata search returned a lexical match, but type evidence is weak; exact name match to 'Kaye Donachie'; Wikidata description: no description",
candidate_be7e07a991f2,artist_kaye_donachie,Kaye Donachie,gallery_exhibition,Maureen Paley,Maureen Paley – Artists,,gallery_exhibition,https://www.maureenpaley.com/artists,Maureen Paley,rch Search Lawrence Abu Hamdan Felipe Baeza Alexandra Bircken AA Bronson Tom Burr Hannah Collins Fiona Connor Daniel Correa Mejía Kaye Donachie Chioma Ebinama Michaela Eichwald Gardar Eide Einarsson Maureen Gallace General Idea Liam Gillick Andrew Grassie Anne Hardy Max Ho,0.85,no,"Source page appears to describe an exhibition or gallery relationship; verify host, dates, and whether this is representation or only a venue.",Curated gallery page mentioned 'Kaye Donachie'.,
candidate_2a76f05473c2,artist_kaye_donachie,Kaye Donachie,gallery_exhibition,Maureen Paley,Maureen Paley – Kaye Donachie,,gallery_exhibition,https://www.maureenpaley.com/artists/kaye-donachie,Maureen Paley,Kaye Donachie Maureen Paley – Kaye Donachie Maureen Paley – Kaye Donachie Maureen Paley. Artists Exhibitions Publications News About Contact Se,0.85,no,"Source page appears to describe an exhibition or gallery relationship; verify host, dates, and whether this is representation or only a venue.",Curated gallery page mentioned 'Kaye Donachie'.,
candidate_31a29e540112,artist_kaye_donachie,Kaye Donachie,gallery_representation,Artists | Voloshyn Gallery,Artists | Voloshyn Gallery,1970,represents,https://voloshyngallery.art/artists/,Voloshyn Gallery,Artists | Voloshyn Gallery Artists | Voloshyn Gallery try { function checkStatisticsCookiePreference() { // Get the cookie_preferences item from localStorage const cookiePreferences = localStorage.getItem('cookie_preferences'); // Check if the item exists if (,0.85,no,"Source page appears to describe an exhibition or gallery relationship; verify host, dates, and whether this is representation or only a venue.",Curated gallery page mentioned 'Kaye Donachie'.,
candidate_07f485591d84,artist_kaye_donachie,Kaye Donachie,gallery_exhibition,Voloshyn Gallery,Current exhibitions | Voloshyn Gallery,2026-07-15,gallery_exhibition,https://voloshyngallery.art/exhibitions/,Voloshyn Gallery,Current exhibitions | Voloshyn Gallery Current exhibitions | Voloshyn Gallery try { function checkStatisticsCookiePreference() { // Get the cookie_preferences item from localStorage const cookiePreferences = localStorage.getItem('cookie_preferences'); // Check,0.85,no,"Source page appears to describe an exhibition or gallery relationship; verify host, dates, and whether this is representation or only a venue.",Curated gallery page mentioned 'Kaye Donachie'.,
candidate_81a5ddec2603,artist_kaye_donachie,Kaye Donachie,gallery_exhibition,Lismore Castle Arts,Exhibitions - Lismore Castle Arts,2026-10-25,gallery_exhibition,https://lismorecastlearts.ie/whats-on/,Lismore Castle Arts,"rthage Hall A new group exhibition presenting work by artists spearheading contemporary print-making today. 25 Apr - 14 Jun, 2026 Kaye Donachie: Print Series Edition St Carthage Hall A limited edition lithograph by Kaye Donachie, exclusively commissioned by Lismore Castle ",0.85,no,"Source page appears to describe an exhibition or gallery relationship; verify host, dates, and whether this is representation or only a venue.",Curated gallery page mentioned 'Kaye Donachie'.,
candidate_0f12a5fa501f,artist_kaye_donachie,Kaye Donachie,gallery_exhibition,Lismore Castle Arts,Kaye Donachie: Print Series Edition - Lismore Castle Arts,2026-10-25,gallery_exhibition,https://lismorecastlearts.ie/whats-on/kaye-donachie-print-series-edition,Lismore Castle Arts,"25 Apr - 14 Jun, 2026 Kaye Donachie: Print Series Edition St Carthage Hall A limited edition lithograph by Kaye Donachie, exclusively commissioned by Lismore Castle ",0.85,no,"Source page appears to describe an exhibition or gallery relationship; verify host, dates, and whether this is representation or only a venue.",Curated gallery page mentioned 'Kaye Donachie'.,
